sales_outlet_id,transaction_date,product_id,start_of_day,quantity_sold,waste,waste_pct
3,2019-04-01,69,18,8,10,0.56
3,2019-04-01,70,18,12,6,0.33
3,2019-04-01,71,18,8,10,0.56
3,2019-04-01,72,48,9,39,0.81
3,2019-04-01,73,18,9,9,0.5
3,2019-04-02,69,18,7,11,0.61
3,2019-04-02,70,18,10,8,0.44
3,2019-04-02,71,18,10,8,0.44
3,2019-04-02,72,48,10,38,0.79
3,2019-04-02,73,18,9,9,0.5
3,2019-04-03,69,18,8,10,0.56
3,2019-04-03,70,18,5,13,0.72
3,2019-04-03,71,18,4,14,0.78
3,2019-04-03,72,48,9,39,0.81
3,2019-04-03,73,18,15,3,0.17
3,2019-04-04,69,18,10,8,0.44
3,2019-04-04,70,18,9,9,0.5
3,2019-04-04,71,18,10,8,0.44
3,2019-04-04,72,48,10,38,0.79
3,2019-04-04,73,18,9,9,0.5
3,2019-04-05,69,18,0,0,0.0
3,2019-04-06,69,18,14,4,0.22
3,2019-04-06,70,18,11,7,0.39
3,2019-04-06,71,18,13,5,0.28
3,2019-04-06,72,48,23,25,0.52
3,2019-04-06,73,18,9,9,0.5
3,2019-04-07,69,18,6,12,0.67
3,2019-04-07,70,18,3,15,0.83
3,2019-04-07,71,18,3,15,0.83
3,2019-04-07,72,48,11,37,0.77
3,2019-04-07,73,18,3,15,0.83
3,2019-04-08,69,18,12,6,0.33
3,2019-04-08,70,18,11,7,0.39
3,2019-04-08,71,18,14,4,0.22
3,2019-04-08,72,48,8,40,0.9
3,2019-04-08,73,18,6,12,0.67
3,2019-04-09,69,18,4,14,0.78
3,2019-04-09,70,18,7,11,0.61
3,2019-04-09,71,18,8,10,0.56
3,2019-04-09,72,48,6,42,0.88
3,2019-04-10,69,18,5,13,0.72
3,2019-04-10,70,18,7,11,0.61
3,2019-04-10,71,18,10,8,0.44
3,2019-04-10,72,48,7,41,0.9
3,2019-04-10,73,18,6,12,0.67
3,2019-04-11,69,18,6,12,0.67
3,2019-04-11,70,18,4,14,0.78
3,2019-04-11,71,18,12,6,0.33
3,2019-04-11,72,48,8,40,0.94
3,2019-04-11,73,18,3,15,0.83
3,2019-04-12,69,18,11,7,0.39
3,2019-04-12,70,18,6,12,0.67
3,2019-04-12,71,18,5,13,0.72
3,2019-04-12,72,48,9,39,0.9
3,2019-04-12,73,18,6,12,0.67
3,2019-04-13,69,18,9,9,0.5
3,2019-04-13,70,18,3,15,0.83
3,2019-04-13,71,18,9,9,0.5
3,2019-04-13,72,48,8,40,0.92
3,2019-04-13,73,18,11,7,0.39
3,2019-04-14,72,48,8,44,0.92
3,2019-04-14,69,18,8,10,0.56
3,2019-04-14,70,18,12,6,0.33
3,2019-04-14,71,18,8,10,0.56
3,2019-04-14,73,18,9,9,0.5
3,2019-04-15,69,18,7,11,0.61
3,2019-04-15,70,18,10,8,0.44
3,2019-04-15,71,18,10,8,0.44
3,2019-04-15,72,48,10,38,0.79
3,2019-04-15,73,18,9,9,0.5
3,2019-04-16,69,18,8,10,0.56
3,2019-04-16,70,18,5,13,0.72
3,2019-04-16,71,18,4,14,0.78
3,2019-04-16,72,48,9,39,0.81
3,2019-04-16,73,18,15,3,0.17
3,2019-04-17,69,18,10,8,0.44
3,2019-04-17,70,18,9,9,0.5
3,2019-04-17,71,18,10,8,0.44
3,2019-04-17,72,48,10,38,0.79
3,2019-04-17,73,18,9,9,0.5
3,2019-04-18,69,18,0,0,0.0
3,2019-04-18,72,48,23,25,0.52
3,2019-04-19,69,18,14,4,0.22
3,2019-04-19,70,18,11,7,0.39
3,2019-04-19,71,18,13,5,0.28
3,2019-04-19,72,48,23,25,0.52
3,2019-04-19,73,18,9,9,0.5
3,2019-04-20,69,18,6,12,0.67
3,2019-04-20,70,18,3,15,0.83
3,2019-04-20,71,18,3,15,0.83
3,2019-04-20,72,48,24,24,0.77
3,2019-04-20,73,18,3,15,0.83
3,2019-04-21,69,18,6,12,0.67
3,2019-04-21,70,18,3,15,0.83
3,2019-04-21,71,18,3,15,0.83
3,2019-04-21,72,48,22,26,0.77
3,2019-04-21,73,18,3,15,0.83
5,2019-04-07,69,18,4,14,0.78
5,2019-04-07,70,18,7,11,0.61
5,2019-04-07,71,18,8,10,0.56
5,2019-04-07,72,48,10,38,0.83
5,2019-04-07,73,18,5,13,0.72
5,2019-04-08,69,18,7,11,0.61
5,2019-04-08,70,18,5,13,0.72
5,2019-04-08,71,18,8,10,0.56
5,2019-04-08,72,48,9,39,0.81
5,2019-04-08,73,18,3,15,0.83
5,2019-04-09,69,18,6,12,0.67
5,2019-04-09,70,18,7,11,0.61
5,2019-04-09,71,18,7,11,0.61
5,2019-04-09,72,48,10,38,0.79
5,2019-04-09,73,18,1,17,0.94
5,2019-04-10,69,18,4,14,0.78
5,2019-04-10,70,18,4,14,0.78
5,2019-04-10,71,18,8,10,0.56
5,2019-04-10,72,48,8,40,0.83
5,2019-04-10,73,18,8,10,0.56
5,2019-04-11,69,18,11,7,0.39
5,2019-04-11,70,18,9,9,0.5
5,2019-04-11,71,18,6,12,0.67
5,2019-04-11,72,48,9,39,0.81
5,2019-04-11,73,18,7,11,0.61
5,2019-04-12,69,18,8,10,0.56
5,2019-04-12,70,18,7,11,0.61
5,2019-04-12,71,18,13,5,0.28
5,2019-04-12,72,48,14,34,0.71
5,2019-04-12,73,18,18,0,0.0
5,2019-04-13,69,18,11,7,0.39
5,2019-04-13,70,18,8,10,0.56
5,2019-04-13,71,18,11,7,0.39
5,2019-04-13,72,48,8,40,0.83
5,2019-04-13,73,18,12,6,0.33
5,2019-04-14,69,18,14,4,0.22
5,2019-04-14,70,18,10,8,0.44
5,2019-04-14,71,18,10,8,0.44
5,2019-04-14,72,48,5,43,0.9
5,2019-04-14,73,18,15,3,0.17
5,2019-04-15,69,18,7,11,0.61
5,2019-04-15,70,18,6,12,0.67
5,2019-04-15,71,18,8,10,0.56
5,2019-04-15,72,48,8,40,0.83
5,2019-04-15,73,18,11,7,0.39
5,2019-04-16,69,18,11,7,0.39
5,2019-04-16,70,18,9,9,0.5
5,2019-04-16,71,18,15,3,0.17
5,2019-04-16,72,48,4,44,0.92
5,2019-04-16,73,18,3,15,0.83
5,2019-04-17,69,18,12,6,0.33
5,2019-04-17,70,18,6,12,0.67
5,2019-04-17,71,18,13,5,0.28
5,2019-04-17,72,48,3,45,0.94
5,2019-04-17,73,18,8,10,0.56
5,2019-04-18,69,18,10,8,0.44
5,2019-04-18,70,18,8,10,0.56
5,2019-04-18,71,18,3,15,0.83
5,2019-04-18,72,48,4,44,0.92
5,2019-04-18,73,18,6,12,0.67
5,2019-04-19,69,18,4,14,0.78
5,2019-04-19,70,18,6,12,0.67
5,2019-04-19,71,18,3,15,0.83
5,2019-04-19,72,48,4,44,0.92
5,2019-04-19,73,18,5,13,0.72
5,2019-04-20,69,18,11,7,0.39
5,2019-04-20,70,18,17,1,0.06
5,2019-04-20,71,18,6,12,0.67
5,2019-04-20,72,48,24,24,0.5
5,2019-04-20,73,18,10,8,0.44
5,2019-04-21,69,18,10,8,0.44
5,2019-04-21,70,18,7,11,0.61
5,2019-04-21,71,18,12,6,0.33
5,2019-04-21,72,48,20,28,0.58
5,2019-04-21,73,18,8,10,0.56
5,2019-04-22,69,18,5,13,0.72
5,2019-04-22,70,18,8,10,0.56
5,2019-04-22,71,18,4,14,0.78
5,2019-04-22,72,48,23,25,0.52
5,2019-04-22,73,18,14,4,0.22
5,2019-04-23,69,18,7,11,0.61
5,2019-04-23,70,18,4,14,0.78
5,2019-04-23,71,18,7,11,0.61
5,2019-04-23,72,48,16,32,0.67
5,2019-04-23,73,18,6,12,0.67
5,2019-04-24,69,18,8,10,0.56
5,2019-04-24,70,18,13,5,0.28
5,2019-04-24,71,18,5,13,0.72
5,2019-04-24,72,48,21,27,0.56
5,2019-04-24,73,18,7,11,0.61
5,2019-04-25,69,18,6,12,0.67
5,2019-04-25,70,18,5,13,0.72
5,2019-04-25,71,18,9,9,0.5
5,2019-04-25,72,48,22,26,0.54
5,2019-04-25,73,18,8,10,0.56
5,2019-04-26,69,18,7,11,0.61
5,2019-04-26,70,18,9,9,0.5
5,2019-04-26,71,18,7,11,0.61
5,2019-04-26,72,48,21,27,0.56
5,2019-04-26,73,18,4,14,0.78
5,2019-04-27,69,18,5,13,0.72
5,2019-04-27,70,18,8,10,0.56
5,2019-04-27,71,18,6,12,0.67
5,2019-04-27,72,48,18,30,0.63
5,2019-04-27,73,18,10,8,0.44
8,2019-04-07,69,18,10,8,0.44
8,2019-04-07,70,18,15,3,0.17
8,2019-04-07,71,18,9,9,0.5
8,2019-04-07,72,48,1,47,0.92
8,2019-04-07,73,18,9,9,0.5
8,2019-04-08,69,18,5,13,0.72
8,2019-04-08,70,18,8,10,0.56
8,2019-04-08,71,18,11,7,0.39
8,2019-04-08,72,48,3,45,0.94
8,2019-04-08,73,18,8,10,0.56
8,2019-04-09,69,18,8,10,0.56
8,2019-04-09,70,18,7,11,0.61
8,2019-04-09,71,18,11,7,0.39
8,2019-04-09,72,48,4,44,0.92
8,2019-04-09,73,18,5,13,0.72
8,2019-04-10,69,18,12,6,0.33
8,2019-04-10,70,18,9,9,0.5
8,2019-04-10,71,18,6,12,0.67
8,2019-04-10,72,48,3,45,0.88
8,2019-04-10,73,18,13,5,0.28
8,2019-04-11,69,18,15,3,0.17
8,2019-04-11,70,18,14,4,0.22
8,2019-04-11,71,18,15,3,0.17
8,2019-04-11,72,48,2,46,0.88
8,2019-04-11,73,18,6,12,0.67
8,2019-04-12,69,18,11,7,0.39
8,2019-04-12,70,18,8,10,0.56
8,2019-04-12,71,18,8,10,0.56
8,2019-04-12,72,48,4,44,0.92
8,2019-04-12,73,18,5,13,0.72
8,2019-04-13,69,18,4,14,0.78
8,2019-04-13,70,18,9,9,0.5
8,2019-04-13,71,18,9,9,0.5
8,2019-04-13,72,48,2,46,0.96
8,2019-04-13,73,18,9,9,0.5
8,2019-04-14,69,18,18,0,0.0
8,2019-04-14,70,18,16,2,0.11
8,2019-04-14,71,18,17,1,0.06
8,2019-04-14,72,48,5,43,0.9
8,2019-04-14,73,18,12,6,0.33
8,2019-04-15,69,18,5,13,0.72
8,2019-04-15,70,18,15,3,0.17
8,2019-04-15,71,18,10,8,0.44
8,2019-04-15,72,48,23,25,0.67
8,2019-04-15,73,18,10,8,0.44
8,2019-04-16,69,18,9,9,0.5
8,2019-04-16,70,18,9,9,0.5
8,2019-04-16,71,18,5,13,0.72
8,2019-04-16,72,48,29,19,0.71
8,2019-04-16,73,18,9,9,0.5
8,2019-04-17,69,18,6,12,0.67
8,2019-04-17,70,18,5,13,0.72
8,2019-04-17,71,18,12,6,0.33
8,2019-04-17,72,48,27,21,0.73
8,2019-04-17,73,18,9,9,0.5
8,2019-04-18,69,18,6,12,0.67
8,2019-04-18,70,18,9,9,0.5
8,2019-04-18,71,18,9,9,0.5
8,2019-04-18,72,48,30,18,0.69
8,2019-04-18,73,18,9,9,0.5
8,2019-04-19,69,18,10,8,0.44
8,2019-04-19,70,18,11,7,0.39
8,2019-04-19,71,18,9,9,0.5
8,2019-04-19,72,48,28,20,0.54
8,2019-04-19,73,18,9,9,0.5
8,2019-04-20,69,18,6,12,0.67
8,2019-04-20,70,18,4,14,0.78
8,2019-04-20,71,18,8,10,0.56
8,2019-04-20,72,48,32,16,0.85
8,2019-04-20,73,18,6,12,0.67
8,2019-04-21,69,18,6,12,0.67
8,2019-04-21,70,18,5,13,0.72
8,2019-04-21,71,18,16,2,0.11
8,2019-04-21,72,48,31,17,0.58
8,2019-04-21,73,18,9,9,0.5
8,2019-04-22,69,18,16,2,0.11
8,2019-04-22,70,18,12,6,0.33
8,2019-04-22,71,18,3,15,0.83
8,2019-04-22,72,48,10,38,0.79
8,2019-04-22,73,18,7,11,0.61
8,2019-04-23,69,18,11,7,0.39
8,2019-04-23,70,18,10,8,0.44
8,2019-04-23,71,18,4,14,0.78
8,2019-04-23,72,48,21,27,0.56
8,2019-04-23,73,18,7,11,0.61
8,2019-04-24,69,18,7,11,0.61
8,2019-04-24,70,18,12,6,0.33
8,2019-04-24,71,18,9,9,0.5
8,2019-04-24,72,48,18,30,0.63
8,2019-04-24,73,18,5,13,0.72
8,2019-04-25,69,18,10,8,0.44
8,2019-04-25,70,18,4,14,0.78
8,2019-04-25,71,18,13,5,0.28
8,2019-04-25,72,48,22,26,0.54
8,2019-04-25,73,18,10,8,0.44
8,2019-04-26,69,18,10,8,0.44
8,2019-04-26,70,18,12,6,0.33
8,2019-04-26,71,18,7,11,0.61
8,2019-04-26,72,48,18,30,0.63
8,2019-04-26,73,18,7,11,0.61
8,2019-04-27,69,18,1,17,0.94
8,2019-04-27,70,18,4,14,0.78
8,2019-04-27,71,18,2,16,0.89
8,2019-04-27,72,48,19,29,0.6
8,2019-04-27,73,18,4,14,0.78
